pair,correlation,eg_statistic,eg_pvalue,cointegrated,hedge_ratio,adf_statistic,adf_pvalue,spread_stationary,half_life,hurst,mean_reverting,spread_mean,spread_std,score
ETR/AEP,0.9823910526981054,-3.8544546445515135,0.011451007053849691,True,0.6295498284848927,-3.8609318967970463,0.002341939793766855,True,101.00621672064464,0.3012022932722106,True,-2.4463697338684427,1.772782683381386,60.0
ATO/AEP,0.9693062290877456,-3.2230010657030688,0.06616475551435118,False,1.2115033247006906,-3.228927393100746,0.01837013242469364,True,71.12267745180642,0.33744740868385215,True,2.6903449866309592,4.549815497034548,50.0
ETR/ATO,0.9326937175877856,-3.0464667511481864,0.09956908549262017,False,0.4782127559296349,-3.0481940042164335,0.03063227661043824,True,87.60486291103015,0.38932218960486775,True,-0.6817447217284004,3.4221848057807964,50.0
AEP/ATO,0.9693062290877454,-3.1067660612543637,0.08695192852282352,False,0.7755278475859116,-3.109659777337557,0.025846531806276603,True,62.176822231652935,0.33621274263689893,True,1.5879445897824225,3.6402413534978098,50.0
